LINKS,FCP,LCP,CLS,,,,FCP,LCP,CLS
https://www.anzaindia.com,3000,3684,10,,,,3,3.684,0.1
https://www.mohindramachinery.com,1429,1907,13,,,,1.429,1.907,0.13
https://www.coconuthub.in,3031,3366,12,,,,3.031,3.366,0.12
https://www.erdglobal.com,3030,3717,19,,,,3.03,3.717,0.19
https://www.hanjeudyog.in,1436,1861,16,,,,1.436,1.861,0.16
https://www.gardensneed.in,2245,3508,16,,,,2.245,3.508,0.16
https://www.hdpegrowbag.com,1582,2658,19,,,,1.582,2.658,0.19
https://www.okinds.com,2068,2446,3,,,,2.068,2.446,0.03
https://www.kovaiclassicindustries.net,1504,2694,19,,,,1.504,2.694,0.19
https://www.vikranttech.in,2161,2548,15,,,,2.161,2.548,0.15
https://www.srilakshmiwetgrinders.com,2365,2764,10,,,,2.365,2.764,0.1
https://www.trimmerbazaar.com,3356,3887,7,,,,3.356,3.887,0.07
https://www.vkpackwellindia.com,2170,2862,19,,,,2.17,2.862,0.19
https://www.omegarubber.com,2504,3396,15,,,,2.504,3.396,0.15
https://www.poojaplastic.co.in,2133,3412,16,,,,2.133,3.412,0.16
https://www.ssenggworks.com,3232,3887,14,,,,3.232,3.887,0.14
https://www.looptechnosystems.in,2715,3730,18,,,,2.715,3.73,0.18
https://www.subhashsarees.co.in,2579,3069,21,,,,2.579,3.069,0.21
https://www.jspl.net.in,2724,3258,14,,,,2.724,3.258,0.14
https://www.shantinursery.com,1932,3220,24,,,,1.932,3.22,0.24
https://www.cheaperzone.in,2556,3100,15,,,,2.556,3.1,0.15
https://www.rcplasto.in,1344,1633,16,,,,1.344,1.633,0.16
https://www.manidharmabiotech.com,2066,3309,15,,,,2.066,3.309,0.15
https://www.anjaliarthairclip.com,2566,2986,9,,,,2.566,2.986,0.09
https://www.egateinfotel.com,1184,2453,17,,,,1.184,2.453,0.17
https://www.sampackindia.in,1783,2327,5,,,,1.783,2.327,0.05
https://www.gkepoxyflooring.com,2571,3242,14,,,,2.571,3.242,0.14
https://www.massimobattery.com,2242,2906,14,,,,2.242,2.906,0.14
https://www.woodenswingshop.com,1579,2193,14,,,,1.579,2.193,0.14
https://www.plantnutrition.in,2549,3779,23,,,,2.549,3.779,0.23
https://www.meerahandicrafts.in,2460,3089,14,,,,2.46,3.089,0.14
https://www.homfom.in,1962,2403,17,,,,1.962,2.403,0.17
https://www.nationalplastic.in,2253,2738,6,,,,2.253,2.738,0.06
https://www.signityrfsolutions.in,3127,3815,11,,,,3.127,3.815,0.11
https://www.cyclemania.in,2736,3247,14,,,,2.736,3.247,0.14
https://www.breadplant.com,2023,2284,2,,,,2.023,2.284,0.02
https://www.hosperelectric.com,1763,2399,19,,,,1.763,2.399,0.19
https://www.jaipurkurti.org,2615,3114,9,,,,2.615,3.114,0.09
https://www.ompatola.com,2266,2812,12,,,,2.266,2.812,0.12
https://www.marblekraft.com,2595,3185,14,,,,2.595,3.185,0.14
